
{"admin_id": 1, "type": "circle", "radius": 0.0023278506858458317, "geof_id": 1, "latitudes": 12.955708415674831, "longitudes": 77.51366105646186}
{"admin_id": 1, "type": "polygon", "radius": "", "geof_id": 2, "latitudes": [12.956921276154672, 12.95315720711156, 12.953805467501478, 12.957485881604503], "longitudes": [77.51301732629828, 77.51153674692206, 77.51930442422919, 77.51947608560614]}